unload_id,order_id,event_time,meta_orb_site,meta_machine_name,meta_event_time
1,2e15627c-0ff1-4b57-9d62-608f7a964e63,1668988800,Las Vegas,M2,1668988860
2,6d9a0d6b-0e35-4c46-ae7f-e627ee42ff42,1668989800,London,M4,1668989860
3,c16cb5a0-3f13-4b6e-a619-00e59dec34fc,1668990800,Toronto,M4,1668990860
4,7137c75e-ef2b-4b29-bcee-cb0f97a10983,1668991800,Las Vegas,M3,1668991860
5,25207035-7f20-495c-b5ef-aa6686632a74,1668992800,Toronto,M1,1668992860
6,2fadbac1-7160-496e-9795-41d80d756685,1668993800,London,M2,1668993860
7,d168ed4a-c404-4458-a8f9-109e90854c11,1668994800,London,M1,1668994860
8,5ab17906-d3e6-41b8-ab1b-2361a817962d,1668995800,Las Vegas,M1,1668995860
9,af5ddb66-3985-466e-b1a4-a13797f2bdcf,1668996800,London,M4,1668996860
10,e12b10f2-cb4d-4d92-81c8-d37f4cff39c1,1668997800,Toronto,M2,1668997860
11,67d2af97-f20b-4ca1-903f-0b2213711093,1668998800,Toronto,M1,1668998860
12,ec7cd16d-4905-42f2-a29f-6fff85ac8cd8,1668999800,Toronto,M1,1668999860
13,c4bf3a24-6e98-418c-8d56-6a3a17b637a6,1669000800,Las Vegas,M2,1669000860
14,19af23a4-871f-405d-82a1-7e3b75af4585,1669001800,Las Vegas,M2,1669001860
15,2150f13f-04d4-4445-afad-cd870e24befa,1669002800,Toronto,M1,1669002860
16,8f0216ed-c6a6-428a-9468-8e77da5123e1,1669003800,Las Vegas,M3,1669003860
17,4a8adc7b-cf9a-49fe-8e38-74326dd426c7,1669004800,London,M3,1669004860
18,ecf01777-22e5-4c03-b69b-b098b257c26e,1669005800,Las Vegas,M4,1669005860
19,25bb519b-e7b7-4a4a-9949-fad28fd6ae3d,1669006800,London,M3,1669006860
20,3c2cb72c-e8e6-4cf8-83a0-076f832d5818,1669007800,Toronto,M3,1669007860
21,d3275daf-dd76-42c7-b9b3-d4fcfeb14e15,1669008800,London,M1,1669008860
22,1aa69037-6762-422e-b0c1-0d985ece6b22,1669009800,Toronto,M2,1669009860
23,af33de47-e4ea-4e58-b087-14859652e9ef,1669010800,Toronto,M2,1669010860
24,6462476c-a7df-4776-9e0a-099e1497cb10,1669011800,Toronto,M1,1669011860
25,9d7762c3-3888-47fa-99a8-22bf6b78c620,1669012800,London,M3,1669012860
26,5fcf25c3-edaa-48cf-b151-71bee26ad5ec,1669013800,Toronto,M2,1669013860
27,548d1dce-d842-458a-b4e7-260872342286,1669014800,London,M2,1669014860
28,5bb4d0d0-0286-4eea-8076-a4a8ada6186d,1669015800,London,M4,1669015860
29,e3ccce1d-186f-49fb-878c-c86fae8b39ff,1669016800,Las Vegas,M2,1669016860
30,8f0f56e3-0991-4974-b1e2-95a22167e777,1669017800,London,M3,1669017860
31,27b108c5-2e76-46c9-a9bc-6177c2cc1f0a,1669018800,Toronto,M4,1669018860
32,5c691c48-5551-44c7-a671-bd140c292031,1669019800,Las Vegas,M4,1669019860
33,7a066494-f2cb-476e-9325-67e8ef95e93f,1669020800,London,M4,1669020860
34,1b3b033d-158c-4287-913e-615509ee87f2,1669021800,Toronto,M1,1669021860
35,d23a4360-f094-4931-bfbf-95a357eca341,1669022800,Toronto,M1,1669022860
36,d4f67862-e805-4c12-978a-b24f09a99f88,1669023800,Toronto,M4,1669023860
37,a073eeb4-91be-453a-ae10-cff66186557f,1669024800,London,M1,1669024860
38,f602c7e3-97f8-4147-a1df-a203d5b2165a,1669025800,London,M2,1669025860
39,db9c3670-df33-4df9-8972-553107f25cb6,1669026800,Toronto,M3,1669026860
40,86c7b624-7dff-4714-a1d3-db3e67610844,1669027800,Las Vegas,M1,1669027860
41,f1e14b73-81c7-4cd0-bf03-81750ba0b98d,1669028800,Las Vegas,M3,1669028860
42,d9a7027e-8e13-4764-864a-62e929a9e6fc,1669029800,Las Vegas,M2,1669029860
43,12031667-c2e0-47e5-9197-0b0443bc09ef,1669030800,London,M4,1669030860
44,1fced174-a0bd-402f-b399-9d80d3265ed8,1669031800,Las Vegas,M3,1669031860
45,ac13e9a0-d6b7-4721-a611-131e29f70244,1669032800,Toronto,M2,1669032860
46,6cb47ccd-f8eb-4583-8184-9590ebb500a8,1669033800,Las Vegas,M3,1669033860
47,afe0eb77-521f-4ee9-9814-80f38d4e03c7,1669034800,Toronto,M1,1669034860
48,ce74d38f-903c-4730-8269-5ea98f03ac31,1669035800,Toronto,M2,1669035860
49,b5076297-a8a0-42bd-8670-de285db660b1,1669036800,Las Vegas,M2,1669036860
50,9803f434-15b2-4fe2-8746-fdc9690e0843,1669037800,London,M4,1669037860
51,981b977d-89d9-4d1a-8b3d-37253a6d42c7,1669038800,London,M3,1669038860
52,780bf01f-a6e3-43c8-8038-41a0ea686fa5,1669039800,Toronto,M1,1669039860
53,c7c7cfa7-f21a-4b5e-bdef-e0063d0da8ba,1669040800,Toronto,M4,1669040860
54,4b12a138-a153-4351-bf46-5ddb008253e3,1669041800,Toronto,M3,1669041860
55,4df298ad-1748-490f-bcc2-92b5659ac4ac,1669042800,Toronto,M3,1669042860
56,6361075d-70bc-4c6d-828f-722bdef37eaa,1669043800,Las Vegas,M2,1669043860
57,fbc0a54a-f638-4124-a1b0-c584eaebd6f7,1669044800,Las Vegas,M2,1669044860
58,e220fc27-7329-47bd-8c73-0ba364513297,1669045800,Las Vegas,M1,1669045860
59,64465f55-6f9e-4d1d-9289-69f36a49836a,1669046800,Las Vegas,M4,1669046860
60,352a3990-7dac-404c-b2db-5f938895e294,1669047800,Las Vegas,M1,1669047860
61,12fe37fc-6443-4f0a-a385-9c29a23d28ab,1669048800,Las Vegas,M2,1669048860
62,1c9be9ba-dee0-4486-87db-3e1e979e7af2,1669049800,London,M1,1669049860
63,6f7b42bc-4e20-4b78-8bd2-81b8ddccdaa3,1669050800,Toronto,M4,1669050860
64,9571dcea-feb6-42e0-ac04-ccf15fe247db,1669051800,London,M1,1669051860
65,f15b1533-4b6e-478a-a87c-72cca472042d,1669052800,Toronto,M4,1669052860
66,e7af1c4e-46be-4e3d-a1ce-156fdf9f17ee,1669053800,London,M3,1669053860
67,35aa4a59-3d64-432a-8815-32f7f0f1cd1d,1669054800,Toronto,M1,1669054860
68,e537a219-fd46-417b-9718-fb53622e2bac,1669055800,London,M2,1669055860
69,259837ee-c7f9-45a2-a3e3-bb086bffa31b,1669056800,Las Vegas,M2,1669056860
70,78656261-84f1-4136-b7bf-a92404407d01,1669057800,Toronto,M1,1669057860
71,764f768e-489f-4c58-981d-7906cc92de59,1669058800,Las Vegas,M1,1669058860
72,aaeb41e9-88dd-4843-8133-97c8251697e6,1669059800,Toronto,M3,1669059860
73,96b1431f-14aa-43fe-b42a-d4793930226b,1669060800,Toronto,M3,1669060860
74,e519ad54-77b4-4ba2-9aac-d448469e2b5f,1669061800,Las Vegas,M1,1669061860
75,45430601-00bc-4975-811e-9dd3814844dd,1669062800,London,M3,1669062860
76,48b93bd4-7f77-4983-9b44-952537de0b3c,1669063800,Toronto,M3,1669063860
77,7eae8251-10ba-4568-8b8f-931c50e4ef6f,1669064800,Toronto,M4,1669064860
78,ab3f867b-31aa-4f53-99aa-1f6ec0d86135,1669065800,Las Vegas,M1,1669065860
79,c88991dc-3b9a-4fac-b57e-fff8d1bb3097,1669066800,London,M1,1669066860
80,8c7e655e-f253-4964-9ddc-08bd2f14eed4,1669067800,Toronto,M3,1669067860
81,37369e43-d1ab-459c-85de-7aab6fd8ac25,1669068800,Toronto,M2,1669068860
82,1584845a-de84-4ad2-9ada-76bb99c7f2ce,1669069800,Toronto,M2,1669069860
83,25362ece-14c9-4de1-9e41-4e8c4738b83e,1669070800,Las Vegas,M3,1669070860
84,0cfb05ce-e9e1-4fbe-9c67-7869625081b0,1669071800,London,M2,1669071860
85,8e8539f6-7ece-4527-9226-5d194b099c3b,1669072800,Toronto,M3,1669072860
86,581d70f7-b8d7-4761-8095-bca0271401b5,1669073800,Toronto,M4,1669073860
87,7aae18f2-2840-4ea4-a41b-29ee5aaaec4d,1669074800,Las Vegas,M4,1669074860
88,04a35970-489f-439a-a345-0fc8e7cd3fca,1669075800,London,M3,1669075860
89,05b095c6-4a73-49d3-beb7-df6613e1141e,1669076800,Las Vegas,M4,1669076860
90,d561f6ca-64ea-48b0-80c1-08cefa4381c3,1669077800,Toronto,M2,1669077860
91,e1a78efb-a9b7-4616-baae-eaaf6192bfb6,1669078800,Las Vegas,M4,1669078860
92,e6da555d-d0fd-464e-b933-0379a4a0b045,1669079800,Las Vegas,M2,1669079860
93,10da0c00-55a7-45ef-a190-0d1baf5c0acd,1669080800,London,M1,1669080860
94,39e6f39f-bfe9-4c3a-b0eb-50ee950ef455,1669081800,Toronto,M4,1669081860
95,a777c8b6-01a1-4344-9cd6-b45117e7295f,1669082800,Las Vegas,M3,1669082860
96,1b04cb48-61c3-4d35-b60d-1b60b51ae06c,1669083800,London,M1,1669083860
97,de14db1e-72bf-4bc5-b801-3c0bcb318afd,1669084800,Toronto,M4,1669084860
98,095ee3ee-1744-4f86-b6d2-5c59cda9e9df,1669085800,Toronto,M2,1669085860
99,eac08427-cf4e-4e0a-b4fa-6d56b5b4a2a4,1669086800,Las Vegas,M3,1669086860
100,4922f9b7-7128-42d4-945f-46f32c916a8f,1669087800,Toronto,M2,1669087860